{
	"defaultChannels":[
		"usa_public",
	],
	"usa_public":{
		"name":"USNews Broadcast",
		"logo":"graphics/icons/intel/comms64.png",
		"icon":"graphics/icons/intel/comms64.png",
		"image":"graphics/factions/USMJ/USMJ_flag.png",
		"sound":"ui_channel_news",
		"faction":"USA",
		"type":"News Report",
		"shortType":"News",
	},
	"usa_internal":{
		"name":"Central Intelligence Agency",
		"logo":"graphics/icons/intel/comms64.png",
		"icon":"graphics/icons/intel/comms64.png",
		"image":"graphics/factions/USMJ/USMJ_flag.png",
		"sound":"ui_channel_comm_secure",
		"faction":"USA",
		"type":"Intelligence Report",
		"shortType":"Intel",
	},
		"ger_public":{
		"name":"State News Broadcast",
		"logo":"graphics/icons/intel/comms64.png",
		"icon":"graphics/icons/intel/comms64.png",
		"image":"graphics/factions/GGSR/GER_flag.png",
		"sound":"ui_channel_news",
		"faction":"GER",
		"type":"News Report",
		"shortType":"News",
	},
	"ger_internal":{
		"name":"Abwehr",
		"logo":"graphics/icons/intel/comms64.png",
		"icon":"graphics/icons/intel/comms64.png",
		"image":"graphics/factions/GGSR/GER_flag.png",
		"sound":"ui_channel_comm_secure",
		"faction":"GER",
		"type":"Intelligence Report",
		"shortType":"Intel",
	},
}



