{
	#WeaponSounds
	"ot_sound_30cal":[
		{"file":"sounds/sfx_wpn_guns/30cal_fire_1.ogg","pitch":1.0,"volume":0.1},
		{"file":"sounds/sfx_wpn_guns/30cal_fire_2.ogg","pitch":1.0,"volume":0.1},
		{"file":"sounds/sfx_wpn_guns/30cal_fire_3.ogg","pitch":1.0,"volume":0.1},
	],
	"ot_sound_50cal":[
		{"file":"sounds/sfx_wpn_guns/50cal_fire_1.ogg","pitch":1.0,"volume":0.6},
		{"file":"sounds/sfx_wpn_guns/50cal_fire_2.ogg","pitch":1.0,"volume":0.6},
		{"file":"sounds/sfx_wpn_guns/50cal_fire_3.ogg","pitch":1.0,"volume":0.6},
	],     
	"ot_sound_us37mm_fire":[
		{"file":"sounds/sfx_wpn_guns/tank_fire_1.ogg","pitch":1.3,"volume":0.8},
		{"file":"sounds/sfx_wpn_guns/tank_fire_2.ogg","pitch":1.3,"volume":0.8},
		{"file":"sounds/sfx_wpn_guns/tank_fire_3.ogg","pitch":1.3,"volume":0.8},
	],
		"ot_sound_us75mm_fire":[
		{"file":"sounds/sfx_wpn_guns/tank_fire_1.ogg","pitch":1,"volume":1.2},
		{"file":"sounds/sfx_wpn_guns/tank_fire_2.ogg","pitch":1,"volume":1.2},
		{"file":"sounds/sfx_wpn_guns/tank_fire_2.ogg","pitch":1,"volume":1.2},
	],
		"ot_sound_us90mm_fire":[
		{"file":"sounds/sfx_wpn_guns/tank_fire_1.ogg","pitch":1,"volume":1.8},
		{"file":"sounds/sfx_wpn_guns/tank_fire_2.ogg","pitch":1,"volume":1.8},
		{"file":"sounds/sfx_wpn_guns/tank_fire_2.ogg","pitch":1,"volume":1.8},
	],
		"ot_sound_us105mm_fire":[
		{"file":"sounds/sfx_wpn_guns/tank_fire_1.ogg","pitch":1,"volume":2.1},
		{"file":"sounds/sfx_wpn_guns/tank_fire_2.ogg","pitch":1,"volume":2.1},
		{"file":"sounds/sfx_wpn_guns/tank_fire_2.ogg","pitch":1,"volume":2.1},
	],
	
	#Music
	"music":{
		#USA
		"music_usa_market_neutral":[
			{
				"source":"sounds/music",
				"volume":0.5,
				"files":[
					"usa_anthem.ogg",
					"mychanceto.ogg",
				],
				"randomStart":true, 
			},
		],
		"music_usa_market_hostile":[
			{
				"source":"sounds/music",
				"volume":0.5,
				"files":[
					"usa_ambush_waw.ogg",
					"usa_dogfire_waw.ogg",
				],
				"randomStart":true, 
			},
		],
		"music_usa_market_friendly":[
			{
				"source":"sounds/music",
				"volume":0.5,
				"files":[
					"usa_anthem.ogg",
					"mychanceto.ogg",
				],
				"randomStart":true, 
			},
		],
		"music_usa_encounter_neutral":[
			{
				"source":"sounds/music",
				"volume":0.5,
				"files":[
					"usa_americam_waw.ogg",
					"usa_overthere_instrumental.ogg",
				],
				"randomStart":true, 
			},
		],
		"music_usa_encounter_hostile":[
			{
				"source":"sounds/music",
				"volume":0.5,
				"files":[
					"usa_ambush_waw.ogg",
					"usa_dogfire_waw.ogg",
				],
				"randomStart":true, 
			},
		],
		"music_usa_encounter_friendly":[
			{
				"source":"sounds/music",
				"volume":0.5,
				"files":[
					"usa_overthere_instrumental.ogg",
					"usa_anthem.ogg",
				],
				"randomStart":true, 
			},
		],

		#GER
		"music_ger_market_neutral":[
			{
				"source":"sounds/music",
				"volume":0.5,
				"files":[
					"ger_anthem.ogg",
					"ger_panzerlied.ogg",
				],
				"randomStart":true, 
			},
		],
		"music_ger_market_hostile":[
			{
				"source":"sounds/music",
				"volume":0.5,
				"files":[
					"usa_ambush_waw.ogg",
					"ger_hellmarch.ogg",
				],
				"randomStart":true, 
			},
		],
		"music_ger_market_friendly":[
			{
				"source":"sounds/music",
				"volume":0.5,
				"files":[
					"ger_anthem.ogg",
					"ger_alte.ogg",
				],
				"randomStart":true, 
			},
		],
		"music_ger_encounter_neutral":[
			{
				"source":"sounds/music",
				"volume":0.5,
				"files":[
					"ger_anthem.ogg",
					"ger_panzerlied.ogg",
				],
				"randomStart":true, 
			},
		],
		"music_ger_encounter_hostile":[
			{
				"source":"sounds/music",
				"volume":0.5,
				"files":[
					"ger_hellmarch.ogg",
					"usa_dogfire_waw.ogg",
				],
				"randomStart":true, 
			},
		],
		"music_ger_encounter_friendly":[
			{
				"source":"sounds/music",
				"volume":0.5,
				"files":[
					"ger_panzerlied.ogg",
					"ger_alte.ogg",
				],
				"randomStart":true, 
			},
		],
	}
}










