{
    "playableFaction":true,
    "corvusCompatible":true,
    
    "rebelFleetSuffix":"Partisans",
    
    "marketSpawnWeight":0.8,

	"startRelationships":{
		"USA":-1.0,
		
		"independent":0.4,
		"pirates":-1.0,
		"tritachyon":0.0,
		"hegemony":-0.5,
		"luddic_church":-0.5,	
		"luddic_path":-1.0,
		"persean": 0.0,
		"lions_guard":-0.4,			
	    "sindrian_diktat":-0.3,	
		"remnant":-0.6,		
	},
    "maxRelationships":{ "luddic_path":-0.6, "luddic_church":-0.2, "pirates":-0.8, },
    "diplomacyPositiveChance":{ "persean":0.5, "hegemony": 0.5 },
    "diplomacyNegativeChance":{ "USA":1.5, "luddic_path":1.5, "luddic_church":0.9 },
    #"dispositions":{
    #    "persean": -10,
    #    "sindrian_diktat": -10,
    #},
    
	"alignments":{
		"corporate":0.0,
		"technocratic":0.5,
		"militarist":1.0,
		"diplomatic":-0.5,
		"ideological":1.0,
	},
	"diplomacyTraits":["paranoid", "envious", "stalwart", "temperamental", "likes_ai", "law_and_order"],
    
    # chance of the faction being picked to send a colony expedition. Default 0 (disabled)
    "colonyExpeditionChance":1,	# baseline expansion behaviour
    "colonyTargetValuator":"exerelin.campaign.colony.IndustrialColonyTargetValuator",
    
    "groundBattleSettings":{
        "moraleDamageTakenMult":0.9,
    },
    
    #"specialForcesNamerClass":"exerelin.campaign.intel.specialforces.namer.PlanetNamer",
    #"specialForcesFlagshipVariants":{ "paragon_Elite":1, "astral_Strike":0.5 },
    
	# Number of entries must equal number of vengeance tiers (0-3)
	"vengeanceLevelNames":["Local Warrant", "Military Warrant", "National Threat"],
	"vengeanceFleetNamesSingle":["Gestapo Apprehension group", "Kriegsmarine Strike group", "Schutzstaffel Elite group"],
	"vengeanceFleetNames":["Gestapo Apprehension fleet", "Kriegsmarine Strike fleet", "Schutzstaffel Elite fleet"],
	"vengeanceFleetSizeMult":1.25,
	
	
	"asteroidMiningFleetName":"State Mining Fleet",
	"invasionFleetname":"Kriegsmarine Invasion Command Fleet",
	"invasionSupportFleetname":"Kriegsmarine Invasion Support Fleet",
	"responseFleetname":"Kriegsmarine Task Force Fleet",
	"defenceFleetname":"Kriegsmarine Defence Fleet",
	"suppressionFleetname":"Gestapo Suppression Fleet",

	
    "startShipsSolo":[
	  ["ot_M26Pershing_Hull_standard"],
	  ["ot_M4Sherman_Hull_standard"]
	],
    "startShipsCombatSmall":[
      ["ot_Pz3EMedium_Hull_upgun", "ot_Pz2FLight_Hull_standard", "ot_Pz2FLight_Hull_standard", "ot_Pz2FLight_Hull_standard"],
      ["ot_Pz3EMedium_Hull_standard", "ot_Pz2FLight_Hull_standard", "ot_Pz2FLight_Hull_standard", "ot_Pz2FLight_Hull_standard"]
    ],
    "startShipsCombatLarge":[
      ["ot_Pz3EMedium_Hull_standard", "ot_Pz3EMedium_Hull_upgun", "ot_Pz3EMedium_Hull_standard", "ot_Pz2FLight_Hull_standard"],
      ["ot_Pz3EMedium_Hull_standard", "ot_Pz3EMedium_Hull_upgun", "ot_Pz3EMedium_Hull_standard", "ot_Pz2FLight_Hull_standard"]
    ],
	"startShipsTradeSmall":[["ot_fuel_truck_standard", "ot_supply_truck_defender", "ot_M2a4Light_Hull_screen"]],
    "startShipsTradeLarge":[["ot_armored_train_standard", "ot_train_standard", "ot_train_standard", "ot_supply_truck_defender"]],
	
    "startShipsExplorerLarge":[["ot_armored_train_standard", "ot_train_standard", "ot_M2Medium_Hull_standard"]],
	
    "startShipsCarrierSmall":[["ot_supply_truck_standard", "ot_supply_truck_standard", "ot_supply_truck_standard"]],
    "startShipsCarrierLarge":[["ot_armored_train_standard", "ot_supply_truck_standard", "ot_supply_truck_standard", "ot_supply_truck_standard"]],
	
    #"startShipsGrandFleet":[[""]],
    
	"startSpecialItems":[
        [["gerwe_package",""]],
		[["gerwi_package",""]],
		[["gersh_package",""]]
    ],
    
    "defenceStations":[
        {"ids":["orbitalstation", "battlestation", "starfortress"]},
        {"ids":["orbitalstation_mid", "battlestation_mid", "starfortress_mid"], "weight":0.6},
    ],
    
    "industrySeeds":[
        {"id":"orbitalworks", "mult":0.8},
        {"id":"fuelprod", "mult":1.2},
        {"id":"lightindustry", "mult":0.8},
    ],
    
    "bonusSeeds":[
        {"id":"population_upsize", "count":1, "mult":1.2},
        {"id":"nanoforge_pristine", "count":1},
        {"id":"aiCore_any", "count":1, "mult":1.5},
    ],
}