{
    "playableFaction":true,
    "corvusCompatible":true,
    
    "rebelFleetSuffix":"Confederates",
    
    "marketSpawnWeight":1.0,

	"startRelationships":{
		"GER":-1.0,
		
		"independent":0.6,
		"pirates":-1.0,
		"tritachyon":0.2,
		"hegemony":-0.1,
		"luddic_church":-0.3,	
		"luddic_path":-1.0,
		"persean": 0.2,
		"lions_guard":-0.2,			
	    "sindrian_diktat":-0.2,	
		"remnant":-0.4,		
	},
    "maxRelationships":{ "luddic_path":-0.6, "luddic_church":0.0, "pirates":-0.5, },
    "diplomacyPositiveChance":{ "persean":0.8, "hegemony": 0.4 },
    "diplomacyNegativeChance":{ "GER":1.2, "luddic_path":1.5, "luddic_church":0.9 },
    #"dispositions":{
    #    "persean": -10,
    #    "sindrian_diktat": -10,
    #},
    
	"alignments":{
		"corporate":1.0,
		"technocratic":0.5,
		"militarist":0.25,
		"diplomatic":0.25,
		"ideological":0.0,
	},
	"diplomacyTraits":["stalwart", "likes_ai", "law_and_order", "neutralist"],
    
    # chance of the faction being picked to send a colony expedition. Default 0 (disabled)
    "colonyExpeditionChance":1,	# baseline expansion behaviour
    "colonyTargetValuator":"exerelin.campaign.colony.IndustrialColonyTargetValuator",
    
    "groundBattleSettings":{
        "moraleDamageTakenMult":0.9,
    },
    
    #"specialForcesNamerClass":"exerelin.campaign.intel.specialforces.namer.PlanetNamer",
    #"specialForcesFlagshipVariants":{ "paragon_Elite":1, "astral_Strike":0.5 },
    
	# Number of entries must equal number of vengeance tiers (0-3)
	"vengeanceLevelNames":["Local Warrant", "Federal Warrant", "National Security Threat"],
	"vengeanceFleetNamesSingle":["Police Apprehension group", "Federal Marshal group", "Naval Strike group"],
	"vengeanceFleetNames":["Police Apprehension fleet", "Federal Marshal fleet", "Naval Strike fleet"],
	"vengeanceFleetSizeMult":1.5,
	
	
	"asteroidMiningFleetName":"Commercial Mining Fleet",
	"invasionFleetname":"Naval Invasion Command Fleet",
	"invasionSupportFleetname":"Naval Invasion Support Fleet",
	"responseFleetname":"Naval Task Force Fleet",
	"defenceFleetname":"Naval Defence Fleet",
	"suppressionFleetname":"Naval Police Support Fleet",

	
    "startShipsSolo":[
	  ["ot_M26Pershing_Hull_standard"],
	  ["ot_M4Sherman_Hull_standard"]
	],
    "startShipsCombatSmall":[
      ["ot_M2a4Light_Hull_standard", "ot_M2a4Light_Hull_standard", "ot_M2a2Light_Hull_standard", "ot_M2a2Light_Hull_screen"],
      ["ot_M2Medium_Hull_standard", "ot_M2Medium_Hull_standard", "ot_M2a4Light_Hull_standard", "ot_M2a4Light_Hull_standard"]
    ],
    "startShipsCombatLarge":[
      ["ot_M4Jumbo_Hull_standard", "ot_M4Sherman_Hull_upgun", "ot_M4Sherman_Hull_standard", "ot_M4Sherman_Hull_standard"],
      ["ot_M26Pershing_Hull_standard", "ot_M4Sherman_Hull_upgun", "ot_M4Sherman_Hull_standard", "ot_M3Lee_Hull_standard"]
    ],
	"startShipsTradeSmall":[["ot_fuel_truck_standard", "ot_supply_truck_defender", "ot_M2a4Light_Hull_screen"]],
    "startShipsTradeLarge":[["ot_armored_train_standard", "ot_train_standard", "ot_train_standard", "ot_supply_truck_defender"]],
	
    "startShipsExplorerLarge":[["ot_armored_train_standard", "ot_train_standard", "ot_M2Medium_Hull_standard"]],
	
    "startShipsCarrierSmall":[["ot_supply_truck_standard", "ot_supply_truck_standard", "ot_supply_truck_standard"]],
    "startShipsCarrierLarge":[["ot_armored_train_standard", "ot_supply_truck_standard", "ot_supply_truck_standard", "ot_supply_truck_standard"]],
	
    #"startShipsGrandFleet":[[""]],
    
	"startSpecialItems":[
        [["usawe_package",""]],
		[["usawi_package",""]],
		[["usash_package",""]]
    ],
    
    "defenceStations":[
        {"ids":["orbitalstation", "battlestation", "starfortress"]},
        {"ids":["orbitalstation_mid", "battlestation_mid", "starfortress_mid"], "weight":0.6},
    ],
    
    "industrySeeds":[
        {"id":"orbitalworks", "mult":0.8},
        {"id":"fuelprod", "mult":1.2},
        {"id":"lightindustry", "mult":0.8},
    ],
    
    "bonusSeeds":[
        {"id":"population_upsize", "count":1, "mult":1.2},
        {"id":"nanoforge_pristine", "count":1},
        {"id":"aiCore_any", "count":1, "mult":1.5},
    ],
}