{
	# should be a copy of "combatSmall", minus standards that are annoying to fight in low numbers
	# for example, no Hyperions or fast beam-based kiting loadouts, or ships with damper field
	"combatSmallForSmallFleet":{
			"ot_M2Medium_Hull_screen":10,
			"ot_M2Medium_Hull_standard":20,
			"ot_M3Lee_Hull_standard":20,
			"ot_M4Sherman_Hull_standard":10,
			"ot_M4Sherman_Hull_upgun":5,
	},
	"combatSmall":{
			"ot_M2a2Light_Hull_standard":20,
			"ot_M2a2Light_Hull_screen":10,
			"ot_M2a4Light_Hull_standard":20,
			"ot_M2a4Light_Hull_screen":10,
			"ot_M2Medium_Hull_standard":20,
			"ot_M2Medium_Hull_screen":10,
			"ot_M3Lee_Hull_standard":15,
			"ot_M4Sherman_Hull_standard":5,
	},
	"combatMedium":{
			"ot_M4Sherman_Hull_standard":30,
			"ot_M4Sherman_Hull_upgun":10,
			"ot_M4Sherman_Hull_aa":10,
			"ot_M4Jumbo_Hull_standard":10,

			
	},
	"combatLarge":{
			"ot_M4Jumbo_Hull_standard":15,
			"ot_M4Jumbo_Hull_upgun":10,
			"ot_M4Jumbo_Hull_support": 10,
			"ot_M26Pershing_Hull_standard":15,
			
	},
	"combatCapital":{
	
	},
	
	
	# hybrid ships with good combat and cargo capacity
	"combatFreighterSmall":{

	},
	"combatFreighterMedium":{
			"ot_armored_train_standard":10,
	},
	"combatFreighterLarge":{

	},

	# carriers
	"carrierSmall":{
			"ot_supply_truck_standard":20,
			"ot_supply_truck_defender":10,
	},
	"carrierMedium":{
			"ot_armored_train_standard":10,
	},
	"carrierLarge":{
	
	},

	# phase ships
	"phaseSmall":{
	},
	"personnelSmall":{	
	},		
	"personnelMedium":{
	},
	
	# utility ships
	"tug":{
	},
	"crig":{
	},
	"utility":{
	},
	"civilianRandom":{
			"ot_train_standard":20,
	},
	
	# freighters and such
	"freighterSmall":{
			"ot_supply_truck_standard":20,
	},
	"freighterMedium":{
			"ot_armored_train_standard":10,
			"ot_train_standard":20,

	},
	"freighterLarge":{
		
	},
	
	"tankerSmall":{
			"ot_fuel_truck_standard":20,
	},
	"tankerMedium":{
			"ot_armored_train_standard":10,
			"ot_train_standard":20,
	},
	"tankerLarge":{
		
	},
	
	
}
