name,gender,usage,category
Lukas,m,f,german
Anna,f,f,german
Schneider,,l,german
Müller,,l,german
Jonas,m,f,german
Mia,f,f,german
Weber,,l,german
Koch,,l,german
Leon,m,f,german
Emma,f,f,german
Schmidt,,l,german
Klein,,l,german
Paul,m,f,german
Hannah,f,f,german
Bauer,,l,german
Wolf,,l,german
Ben,m,f,german
Marie,f,f,german
Elias,m,f,german
Fischer,,l,german
Noah,m,f,german
Lea,f,f,german
Scholz,,l,german
Brandt,,l,german
Tim,m,f,german
Lara,f,f,german
Walter,,l,german
Krämer,,l,german
Julian,m,f,german
Nina,f,f,german
Keller,,l,german
Graf,,l,german
Theo,m,f,german
Ida,f,f,german
Franke,,l,german
Arnold,,l,german
Milan,m,f,german
Luisa,f,f,german
Hoffmann,,l,german
Berger,,l,german
Fabian,m,f,german
Jana,f,f,german
Seidel,,l,german
Lorenz,,l,german
Simon,m,f,german
Greta,f,f,german
Becker,,l,german
Maier,,l,german
David,m,f,german
Alina,f,f,german
Hartmann,,l,german
Winkler,,l,german
Tobias,m,f,german
Melina,f,f,german
Reinhardt,,l,german
Jannis,m,f,german
Ella,f,f,german
Voigt,,l,german
Fuchs,,l,german
Oskar,m,f,german
Lena,f,f,german
Dietrich,,l,german
Kuhn,,l,german
Maximilian,m,f,german
Clara,f,f,german
Franz,,l,german
Schütz,,l,german
Matteo,m,f,german
Isabel,f,f,german
Erik,m,f,german
Helena,f,f,german
Böhm,,l,german
Pohl,,l,german
Niklas,m,f,german
Annika,f,f,german
Förster,,l,german
Jäger,,l,german
Karl,m,f,german
Marlene,f,f,german
Vogel,,l,german
Otto,,l,german
Samuel,m,f,german
Ronja,f,f,german
Ludwig,,l,german
Sauer,,l,german
Dominik,m,f,german
Theresa,f,f,german
Horn,,l,german
Voelker,,l,german
Frederik,m,f,german
Anja,f,f,german
Bach,,l,german
Busch,,l,german
Pascal,m,f,german
Fiona,f,f,german
Wagner,,l,german
Urban,,l,german
Marvin,m,f,german
Tabea,f,f,german
Ziegler,,l,german
Hauser,,l,german
Lennard,m,f,german
Elisa,f,f,german
Reiter,,l,german
Engel,,l,german
Philipp,m,f,german
Mira,f,f,german
Peters,,l,german
Dietz,,l,german
Bastian,m,f,german
Helene,f,f,german
Kirsch,,l,german
Nickel,,l,german
Jonathan,m,f,german
Neele,f,f,german
Fleck,,l,german
Albrecht,,l,german
Justus,m,f,german
Lotte,f,f,german