{
	"id": "officersam_tanks",
	"name": "TankSector",
	"author": "Officer_Sam",

	"version": {"major":1, "minor":0, "patch":0},
  
	"description": "Adds in tanks to the sector.",
	"gameVersion": "0.98a-RC8",
  
	"jars": [ "jars/Tanks.jar" ],
	"modPlugin": "org.officersam.tanks.scripts.TankmodPlugin",
  
	"totalConversion": "false",
	"utility": "false",
 
	"dependencies": [
    	{"id": "lw_lazylib", "name": "LazyLib"},
		{"id": "MagicLib", "name": "MagicLib"},
		{"id": "nexerelin", "name": "Nexerelin"},
		#{"id": "shaderLib", "name": "GraphicsLib"},
		#{"id": "battle_music", "name": "Battle Music"},
  ],
}
